"","SAMPLES","YEAR","stn","nisk","barcode","rep","Sample_Ctrl","Station","Niskin","DEPTH","Latitude","Longitude","TEMP","Date","Time_UTC","SALINITY","OXYGEN","NH4","NO2","NO3","PO4","SIL"
"1","GOM_S15_N10_18S_orig","GOM","S15","N10","18S","orig","Sample",15,10,"74.589",27.839,86.99,"23.491","8/2/2023",00:45:00,"36.643","4.491",0.29,0.2,0.48,0.08,1.6
"2","GOM_S15_N10_18S_S181","GOM","S15","N10","18S","S181","Sample",15,10,"74.589",27.839,86.99,"23.491","8/2/2023",00:45:00,"36.643","4.491",0.29,0.2,0.48,0.08,1.6
"3","GOM_S15_N12_18S_orig","GOM","S15","N12","18S","orig","Sample",15,12,"2.815",27.839,86.99,"30.016","8/2/2023",00:45:00,"35.295","2.972",0.2,0.03,0,0.05,1.8
"4","GOM_S15_N12_18S_S189","GOM","S15","N12","18S","S189","Sample",15,12,"2.815",27.839,86.99,"30.016","8/2/2023",00:45:00,"35.295","2.972",0.2,0.03,0,0.05,1.8
"5","GOM_S15_N6_18S_orig","GOM","S15","N6","18S","orig","Sample",15,6,"899.037",27.839,86.99,"5.721","8/2/2023",00:45:00,"34.914","3.720",0.43,0,28.52,1.93,25.3
"6","GOM_S15_N6_18S_S150","GOM","S15","N6","18S","S150","Sample",15,6,"899.037",27.839,86.99,"5.721","8/2/2023",00:45:00,"34.914","3.720",0.43,0,28.52,1.93,25.3
"7","GOM_S15_N7_18S_orig","GOM","S15","N7","18S","orig","Sample",15,7,"498.479",27.839,86.99,"9.687","8/2/2023",00:45:00,"35.159","2.802",0.17,0,27.8,1.77,15.7
"8","GOM_S15_N7_18S_S158","GOM","S15","N7","18S","S158","Sample",15,7,"498.479",27.839,86.99,"9.687","8/2/2023",00:45:00,"35.159","2.802",0.17,0,27.8,1.77,15.7
"9","GOM_S15_N8_18S_orig","GOM","S15","N8","18S","orig","Sample",15,8,"300.312",27.839,86.99,"13.549","8/2/2023",00:45:00,"35.727","3.163",0.35,0,18.73,1.14,7.8
"10","GOM_S15_N8_18S_S165","GOM","S15","N8","18S","S165","Sample",15,8,"300.312",27.839,86.99,"13.549","8/2/2023",00:45:00,"35.727","3.163",0.35,0,18.73,1.14,7.8
"11","GOM_S15_N9_18S_orig","GOM","S15","N9","18S","orig","Sample",15,9,"104.389",27.839,86.99,"21.078","8/2/2023",00:45:00,"36.770","3.525",0.21,0.05,7.32,0.38,2.4
"12","GOM_S15_N9_18S_S173","GOM","S15","N9","18S","S173","Sample",15,9,"104.389",27.839,86.99,"21.078","8/2/2023",00:45:00,"36.770","3.525",0.21,0.05,7.32,0.38,2.4
"13","GOM23_S0_N0_18S_REP1","GOM23","S0","N0","18S","REP1","Control",0,0,NA,NA,NA,NA,NA,NA,NA,NA,NA,NA,NA,NA,NA
"14","GOM23_S0_N0_18S_REP1_orig","GOM23","S0","N0","18S","REP1","Control",0,0,NA,NA,NA,NA,NA,NA,NA,NA,NA,NA,NA,NA,NA
"15","GOM23_S0_N0_18S_REP2","GOM23","S0","N0","18S","REP2","Control",0,0,NA,NA,NA,NA,NA,NA,NA,NA,NA,NA,NA,NA,NA
"16","GOM23_S0_N0_18S_REP2_orig","GOM23","S0","N0","18S","REP2","Control",0,0,NA,NA,NA,NA,NA,NA,NA,NA,NA,NA,NA,NA,NA
"17","GOM23_S1_N10_18S_REP2","GOM23","S1","N10","18S","REP2","Sample",1,10,"2.482",28.845,89.46,"30.918","7/30/2023",18:56:28,"27.382","3.327",0.75,0.38,0.23,0.18,10
"18","GOM23_S1_N10_18S_REP2_orig","GOM23","S1","N10","18S","REP2","Sample",1,10,"2.482",28.845,89.46,"30.918","7/30/2023",18:56:28,"27.382","3.327",0.75,0.38,0.23,0.18,10
"19","GOM23_S1_N5_18S_REP1","GOM23","S1","N5","18S","REP1","Sample",1,5,"18.603",28.845,89.46,"24.227","7/30/2023",18:56:28,"36.255","2.429",0.64,0.07,0.06,0.08,2.7
"20","GOM23_S1_N5_18S_REP1_orig","GOM23","S1","N5","18S","REP1","Sample",1,5,"18.603",28.845,89.46,"24.227","7/30/2023",18:56:28,"36.255","2.429",0.64,0.07,0.06,0.08,2.7
"21","GOM23_S11_N1_18S_orig","GOM23","S11","N1","18S","orig","Sample",11,1,"1475.675",28.71,88.284,"4.282","8/1/2023",06:20:00,"34.968","5.022",0.1,0.04,22.93,1.53,25.7
"22","GOM23_S11_N1_18S_S186","GOM23","S11","N1","18S","S186","Sample",11,1,"1475.675",28.71,88.284,"4.282","8/1/2023",06:20:00,"34.968","5.022",0.1,0.04,22.93,1.53,25.7
"23","GOM23_S11_N10_18S_orig","GOM23","S11","N10","18S","orig","Sample",11,10,"74.003",28.71,88.284,"22.107","8/1/2023",06:20:00,"36.705","3.942",0.3,0.35,1.16,0.14,1.3
"24","GOM23_S11_N10_18S_S133","GOM23","S11","N10","18S","S133","Sample",11,10,"74.003",28.71,88.284,"22.107","8/1/2023",06:20:00,"36.705","3.942",0.3,0.35,1.16,0.14,1.3
"25","GOM23_S11_N11_18S_orig","GOM23","S11","N11","18S","orig","Sample",11,11,"30.573",28.71,88.284,"29.048","8/1/2023",06:20:00,"35.899","3.051",0.33,0,0,0.03,0.9
"26","GOM23_S11_N11_18S_S140","GOM23","S11","N11","18S","S140","Sample",11,11,"30.573",28.71,88.284,"29.048","8/1/2023",06:20:00,"35.899","3.051",0.33,0,0,0.03,0.9
"27","GOM23_S11_N12_18S_orig","GOM23","S11","N12","18S","orig","Sample",11,12,"1.949",28.71,88.284,"30.917","8/1/2023",06:20:00,"33.333","3.646",0.17,0,0,0,1.4
"28","GOM23_S11_N12_18S_S148","GOM23","S11","N12","18S","S148","Sample",11,12,"1.949",28.71,88.284,"30.917","8/1/2023",06:20:00,"33.333","3.646",0.17,0,0,0,1.4
"29","GOM23_S11_N4_18S_orig","GOM23","S11","N4","18S","orig","Sample",11,4,"1000.743",28.71,88.284,"5.136","8/1/2023",06:20:00,"34.932","4.162",0.41,0,26.81,1.84,26
"30","GOM23_S11_N4_18S_S101","GOM23","S11","N4","18S","S101","Sample",11,4,"1000.743",28.71,88.284,"5.136","8/1/2023",06:20:00,"34.932","4.162",0.41,0,26.81,1.84,26
"31","GOM23_S11_N5_18S_orig","GOM23","S11","N5","18S","orig","Sample",11,5,"800.195",28.71,88.284,"5.793","8/1/2023",06:20:00,"34.913","3.690",0.17,0,28.66,1.91,25.1
"32","GOM23_S11_N5_18S_S109","GOM23","S11","N5","18S","S109","Sample",11,5,"800.195",28.71,88.284,"5.793","8/1/2023",06:20:00,"34.913","3.690",0.17,0,28.66,1.91,25.1
"33","GOM23_S11_N6_18S_orig","GOM23","S11","N6","18S","orig","Sample",11,6,"601.070",28.71,88.284,"7.338","8/1/2023",06:20:00,"34.931","3.022",0.18,0,30.58,2.1,21.5
"34","GOM23_S11_N6_18S_S117","GOM23","S11","N6","18S","S117","Sample",11,6,"601.070",28.71,88.284,"7.338","8/1/2023",06:20:00,"34.931","3.022",0.18,0,30.58,2.1,21.5
"35","GOM23_S11_N7_18S_orig","GOM23","S11","N7","18S","orig","Sample",11,7,"350.578",28.71,88.284,"11.203","8/1/2023",06:20:00,"35.370","2.860",0.25,0,24.81,1.58,12.3
"36","GOM23_S11_N7_18S_S125","GOM23","S11","N7","18S","S125","Sample",11,7,"350.578",28.71,88.284,"11.203","8/1/2023",06:20:00,"35.370","2.860",0.25,0,24.81,1.58,12.3
"37","GOM23_S12_N1_18S_orig","GOM23","S12","N1","18S","orig","Sample",12,1,"2245.444",28.418,88.005,"4.293","8/1/2023",10:28:00,"34.972","5.022",0.72,0,16.29,1.51,18.8
"38","GOM23_S12_N1_18S_S156","GOM23","S12","N1","18S","S156","Sample",12,1,"2245.444",28.418,88.005,"4.293","8/1/2023",10:28:00,"34.972","5.022",0.72,0,16.29,1.51,18.8
"39","GOM23_S12_N10_18S_orig","GOM23","S12","N10","18S","orig","Sample",12,10,"62.234",28.418,88.005,"23.167","8/1/2023",10:28:00,"36.373","4.591",0.14,0.17,0.04,0.02,1.8
"40","GOM23_S12_N10_18S_S110","GOM23","S12","N10","18S","S110","Sample",12,10,"62.234",28.418,88.005,"23.167","8/1/2023",10:28:00,"36.373","4.591",0.14,0.17,0.04,0.02,1.8
"41","GOM23_S12_N11_18S_orig","GOM23","S12","N11","18S","orig","Sample",12,11,"25.016",28.418,88.005,"29.713","8/1/2023",10:28:00,"35.937","3.280",0.16,0,0.03,0.04,1.2
"42","GOM23_S12_N11_18S_S118","GOM23","S12","N11","18S","S118","Sample",12,11,"25.016",28.418,88.005,"29.713","8/1/2023",10:28:00,"35.937","3.280",0.16,0,0.03,0.04,1.2
"43","GOM23_S12_N12_18S_orig","GOM23","S12","N12","18S","orig","Sample",12,12,"1.783",28.418,88.005,"31.019","8/1/2023",10:28:00,"33.230","3.426",0.06,0,0.04,0.03,1.9
"44","GOM23_S12_N12_18S_S126","GOM23","S12","N12","18S","S126","Sample",12,12,"1.783",28.418,88.005,"31.019","8/1/2023",10:28:00,"33.230","3.426",0.06,0,0.04,0.03,1.9
"45","GOM23_S12_N2_18S_orig","GOM23","S12","N2","18S","orig","Sample",12,2,"1998.798",28.418,88.005,"4.286","8/1/2023",10:28:00,"34.971","5.044",0.36,0,22.82,1.55,25.2
"46","GOM23_S12_N2_18S_S163","GOM23","S12","N2","18S","S163","Sample",12,2,"1998.798",28.418,88.005,"4.286","8/1/2023",10:28:00,"34.971","5.044",0.36,0,22.82,1.55,25.2
"47","GOM23_S12_N3_18S_orig","GOM23","S12","N3","18S","orig","Sample",12,3,"1798.667",28.418,88.005,"4.288","8/1/2023",10:28:00,"34.970","5.026",0.33,0,23.01,1.87,25.5
"48","GOM23_S12_N3_18S_S171","GOM23","S12","N3","18S","S171","Sample",12,3,"1798.667",28.418,88.005,"4.288","8/1/2023",10:28:00,"34.970","5.026",0.33,0,23.01,1.87,25.5
"49","GOM23_S12_N4_18S_orig","GOM23","S12","N4","18S","orig","Sample",12,4,"1599.035",28.418,88.005,"4.311","8/1/2023",10:28:00,"34.968","4.981",0.54,0.02,23.28,1.65,25.6
"50","GOM23_S12_N4_18S_S179","GOM23","S12","N4","18S","S179","Sample",12,4,"1599.035",28.418,88.005,"4.311","8/1/2023",10:28:00,"34.968","4.981",0.54,0.02,23.28,1.65,25.6
"51","GOM23_S12_N5_18S_orig","GOM23","S12","N5","18S","orig","Sample",12,5,"1399.806",28.418,88.005,"4.372","8/1/2023",10:28:00,"34.964","4.896",0.48,0,23.72,1.78,25.9
"52","GOM23_S12_N5_18S_S187","GOM23","S12","N5","18S","S187","Sample",12,5,"1399.806",28.418,88.005,"4.372","8/1/2023",10:28:00,"34.964","4.896",0.48,0,23.72,1.78,25.9
"53","GOM23_S12_N6_18S_orig","GOM23","S12","N6","18S","orig","Sample",12,6,"1199.989",28.418,88.005,"4.580","8/1/2023",10:28:00,"34.954","4.652",0.92,0.02,23.9,2.14,25.3
"54","GOM23_S12_N6_18S_S102","GOM23","S12","N6","18S","S102","Sample",12,6,"1199.989",28.418,88.005,"4.580","8/1/2023",10:28:00,"34.954","4.652",0.92,0.02,23.9,2.14,25.3
"55","GOM23_S14_N1_18S_orig","GOM23","S14","N1","18S","orig","Sample",14,1,"2826.978",28.166,87.361,"4.347","8/1/2023",20:06:00,"34.974","5.023",0.16,0,21.71,1.51,24.6
"56","GOM23_S14_N1_18S_S134","GOM23","S14","N1","18S","S134","Sample",14,1,"2826.978",28.166,87.361,"4.347","8/1/2023",20:06:00,"34.974","5.023",0.16,0,21.71,1.51,24.6
"57","GOM23_S14_N10_18S_orig","GOM23","S14","N10","18S","orig","Sample",14,10,"114.725",28.166,87.361,"19.891","8/1/2023",20:06:00,"36.609","3.148",0.27,0.03,9.26,0.44,3.2
"58","GOM23_S14_N10_18S_S111","GOM23","S14","N10","18S","S111","Sample",14,10,"114.725",28.166,87.361,"19.891","8/1/2023",20:06:00,"36.609","3.148",0.27,0.03,9.26,0.44,3.2
"59","GOM23_S14_N11_18S_orig","GOM23","S14","N11","18S","orig","Sample",14,11,"69.850",28.166,87.361,"24.319","8/1/2023",20:06:00,"36.521","4.627",0.55,0.06,0.04,0.13,1.3
"60","GOM23_S14_N11_18S_S119","GOM23","S14","N11","18S","S119","Sample",14,11,"69.850",28.166,87.361,"24.319","8/1/2023",20:06:00,"36.521","4.627",0.55,0.06,0.04,0.13,1.3
"61","GOM23_S14_N12_18S_orig","GOM23","S14","N12","18S","orig","Sample",14,12,"2.899",28.166,87.361,"31.414","8/1/2023",20:06:00,"34.145","3.245",0.21,0,0.04,0,1.6
"62","GOM23_S14_N12_18S_S127","GOM23","S14","N12","18S","S127","Sample",14,12,"2.899",28.166,87.361,"31.414","8/1/2023",20:06:00,"34.145","3.245",0.21,0,0.04,0,1.6
"63","GOM23_S14_N2_18S_orig","GOM23","S14","N2","18S","orig","Sample",14,2,"2344.083",28.166,87.361,"4.306","8/1/2023",20:06:00,"34.972","5.039",0.27,0,20.18,1.42,22.3
"64","GOM23_S14_N2_18S_S141","GOM23","S14","N2","18S","S141","Sample",14,2,"2344.083",28.166,87.361,"4.306","8/1/2023",20:06:00,"34.972","5.039",0.27,0,20.18,1.42,22.3
"65","GOM23_S14_N3_18S_orig","GOM23","S14","N3","18S","orig","Sample",14,3,"1996.106",28.166,87.361,"4.294","8/1/2023",20:06:00,"34.971","5.021",0.24,0,23.07,1.54,25.1
"66","GOM23_S14_N3_18S_S149","GOM23","S14","N3","18S","S149","Sample",14,3,"1996.106",28.166,87.361,"4.294","8/1/2023",20:06:00,"34.971","5.021",0.24,0,23.07,1.54,25.1
"67","GOM23_S14_N4_18S_orig","GOM23","S14","N4","18S","orig","Sample",14,4,"1646.535",28.166,87.361,"4.318","8/1/2023",20:06:00,"34.968","4.963",0.355,0,23.395,1.57,25.55
"68","GOM23_S14_N4_18S_S157","GOM23","S14","N4","18S","S157","Sample",14,4,"1646.535",28.166,87.361,"4.318","8/1/2023",20:06:00,"34.968","4.963",0.355,0,23.395,1.57,25.55
"69","GOM23_S14_N5_18S_orig","GOM23","S14","N5","18S","orig","Sample",14,5,"1297.954",28.166,87.361,"4.490","8/1/2023",20:06:00,"34.958","4.746",0.28,0,24.32,1.62,26
"70","GOM23_S14_N5_18S_S164","GOM23","S14","N5","18S","S164","Sample",14,5,"1297.954",28.166,87.361,"4.490","8/1/2023",20:06:00,"34.958","4.746",0.28,0,24.32,1.62,26
"71","GOM23_S14_N6_18S_orig","GOM23","S14","N6","18S","orig","Sample",14,6,"947.803",28.166,87.361,"5.517","8/1/2023",20:06:00,"34.921","3.859",0.17,0,27.85,1.84,25.3
"72","GOM23_S14_N6_18S_S172","GOM23","S14","N6","18S","S172","Sample",14,6,"947.803",28.166,87.361,"5.517","8/1/2023",20:06:00,"34.921","3.859",0.17,0,27.85,1.84,25.3
"73","GOM23_S14_N7_18S_orig","GOM23","S14","N7","18S","orig","Sample",14,7,"599.496",28.166,87.361,"7.984","8/1/2023",20:06:00,"34.977","2.871",0.28,0,30.46,2.08,20.4
"74","GOM23_S14_N7_18S_S180","GOM23","S14","N7","18S","S180","Sample",14,7,"599.496",28.166,87.361,"7.984","8/1/2023",20:06:00,"34.977","2.871",0.28,0,30.46,2.08,20.4
"75","GOM23_S14_N8_18S_orig","GOM23","S14","N8","18S","orig","Sample",14,8,"399.446",28.166,87.361,"11.296","8/1/2023",20:06:00,"35.387","2.743",0.29,0,2.5,1.5,11.2
"76","GOM23_S14_N8_18S_S188","GOM23","S14","N8","18S","S188","Sample",14,8,"399.446",28.166,87.361,"11.296","8/1/2023",20:06:00,"35.387","2.743",0.29,0,2.5,1.5,11.2
"77","GOM23_S14_N9_18S_orig","GOM23","S14","N9","18S","orig","Sample",14,9,"199.254",28.166,87.361,"16.755","8/1/2023",20:06:00,"36.251","3.438",0.21,0.02,12.91,0.73,4.5
"78","GOM23_S14_N9_18S_S103","GOM23","S14","N9","18S","S103","Sample",14,9,"199.254",28.166,87.361,"16.755","8/1/2023",20:06:00,"36.251","3.438",0.21,0.02,12.91,0.73,4.5
"79","GOM23_S2_N1_18S_REP2","GOM23","S2","N1","18S","REP2","Sample",2,1,"353.454",28.648,89.136,"10.561","7/30/2023",21:36:00,"35.280","2.806",1.23,0.03,25.91,1.65,14
"80","GOM23_S2_N1_18S_REP2_orig","GOM23","S2","N1","18S","REP2","Sample",2,1,"353.454",28.648,89.136,"10.561","7/30/2023",21:36:00,"35.280","2.806",1.23,0.03,25.91,1.65,14
"81","GOM23_S2_N11_18S_REP1","GOM23","S2","N11","18S","REP1","Sample",2,11,"2.900",28.648,89.136,"31.751","7/30/2023",21:36:00,"30.102","3.697",0.8,0,0.05,0.16,4.1
"82","GOM23_S2_N11_18S_REP1_orig","GOM23","S2","N11","18S","REP1","Sample",2,11,"2.900",28.648,89.136,"31.751","7/30/2023",21:36:00,"30.102","3.697",0.8,0,0.05,0.16,4.1
"83","GOM23_S2_N11_18S_REP2","GOM23","S2","N11","18S","REP2","Sample",2,11,"2.900",28.648,89.136,"31.751","7/30/2023",21:36:00,"30.102","3.697",0.8,0,0.05,0.16,4.1
"84","GOM23_S2_N11_18S_REP2_orig","GOM23","S2","N11","18S","REP2","Sample",2,11,"2.900",28.648,89.136,"31.751","7/30/2023",21:36:00,"30.102","3.697",0.8,0,0.05,0.16,4.1
"85","GOM23_S2_N3_18S_REP1","GOM23","S2","N3","18S","REP1","Sample",2,3,"269.068",28.648,89.136,"13.332","7/30/2023",21:36:00,"35.694","2.988",1.25,0.02,16.1,1.1,7.3
"86","GOM23_S2_N3_18S_REP1_orig","GOM23","S2","N3","18S","REP1","Sample",2,3,"269.068",28.648,89.136,"13.332","7/30/2023",21:36:00,"35.694","2.988",1.25,0.02,16.1,1.1,7.3
"87","GOM23_S2_N6_18S_REP1","GOM23","S2","N6","18S","REP1","Sample",2,6,"149.888",28.648,89.136,"15.248","7/30/2023",21:36:00,"36.004","3.035",0.96,0.02,16.79,0.94,6.8
"88","GOM23_S2_N6_18S_REP1_orig","GOM23","S2","N6","18S","REP1","Sample",2,6,"149.888",28.648,89.136,"15.248","7/30/2023",21:36:00,"36.004","3.035",0.96,0.02,16.79,0.94,6.8
"89","GOM23_S2_N6_18S_REP2","GOM23","S2","N6","18S","REP2","Sample",2,6,"149.888",28.648,89.136,"15.248","7/30/2023",21:36:00,"36.004","3.035",0.96,0.02,16.79,0.94,6.8
"90","GOM23_S2_N6_18S_REP2_orig","GOM23","S2","N6","18S","REP2","Sample",2,6,"149.888",28.648,89.136,"15.248","7/30/2023",21:36:00,"36.004","3.035",0.96,0.02,16.79,0.94,6.8
"91","GOM23_S2_N8_18S_REP2","GOM23","S2","N8","18S","REP2","Sample",2,8,"24.170",28.648,89.136,"25.404","7/30/2023",21:36:00,"36.105","4.561",0.61,0.12,3.73,0.38,9.6
"92","GOM23_S2_N8_18S_REP2_orig","GOM23","S2","N8","18S","REP2","Sample",2,8,"24.170",28.648,89.136,"25.404","7/30/2023",21:36:00,"36.105","4.561",0.61,0.12,3.73,0.38,9.6
"93","GOM23_S3_N1_18S_orig","GOM23","S3","N1","18S","orig","Sample",3,1,"1234.265",28.438,88.805,"4.340","7/31/2023",00:47:00,"34.963","4.921",0.48,0.02,23.57,1.62,26.4
"94","GOM23_S3_N1_18S_S166","GOM23","S3","N1","18S","S166","Sample",3,1,"1234.265",28.438,88.805,"4.340","7/31/2023",00:47:00,"34.963","4.921",0.48,0.02,23.57,1.62,26.4
"95","GOM23_S3_N12_18S_orig","GOM23","S3","N12","18S","orig","Sample",3,12,"2.579",28.438,88.805,"29.075","7/31/2023",00:47:00,"36.112","2.883",0.17,0,0.02,0,1.2
"96","GOM23_S3_N12_18S_S144","GOM23","S3","N12","18S","S144","Sample",3,12,"2.579",28.438,88.805,"29.075","7/31/2023",00:47:00,"36.112","2.883",0.17,0,0.02,0,1.2
"97","GOM23_S3_N2_18S_orig","GOM23","S3","N2","18S","orig","Sample",3,2,"1098.284",28.438,88.805,"4.599","7/31/2023",00:47:00,"34.952","4.650",0.52,0.02,25.25,1.695,26.45
"98","GOM23_S3_N2_18S_S174","GOM23","S3","N2","18S","S174","Sample",3,2,"1098.284",28.438,88.805,"4.599","7/31/2023",00:47:00,"34.952","4.650",0.52,0.02,25.25,1.695,26.45
"99","GOM23_S3_N3_18S_orig","GOM23","S3","N3","18S","orig","Sample",3,3,"898.349",28.438,88.805,"5.288","7/31/2023",00:47:00,"34.926","4.053",0.35,0.02,27.43,1.71,20.1
"100","GOM23_S3_N3_18S_S182","GOM23","S3","N3","18S","S182","Sample",3,3,"898.349",28.438,88.805,"5.288","7/31/2023",00:47:00,"34.926","4.053",0.35,0.02,27.43,1.71,20.1
"101","GOM23_S3_N4_18S_orig","GOM23","S3","N4","18S","orig","Sample",3,4,"698.194",28.438,88.805,"6.238","7/31/2023",00:47:00,"34.902","3.473",0.26,0.02,29.59,1.91,24.2
"102","GOM23_S3_N4_18S_S97","GOM23","S3","N4","18S","S97","Sample",3,4,"698.194",28.438,88.805,"6.238","7/31/2023",00:47:00,"34.902","3.473",0.26,0.02,29.59,1.91,24.2
"103","GOM23_S3_N5_18S_orig","GOM23","S3","N5","18S","orig","Sample",3,5,"549.566",28.438,88.805,"7.586","7/31/2023",00:47:00,"34.942","2.999",0.58,0.02,30.51,1.92,20.9
"104","GOM23_S3_N5_18S_S105","GOM23","S3","N5","18S","S105","Sample",3,5,"549.566",28.438,88.805,"7.586","7/31/2023",00:47:00,"34.942","2.999",0.58,0.02,30.51,1.92,20.9
"105","GOM23_S3_N6_18S_orig","GOM23","S3","N6","18S","orig","Sample",3,6,"401.190",28.438,88.805,"9.846","7/31/2023",00:47:00,"35.189","2.722",0.24,0.02,28.06,1.73,15.8
"106","GOM23_S3_N6_18S_S113","GOM23","S3","N6","18S","S113","Sample",3,6,"401.190",28.438,88.805,"9.846","7/31/2023",00:47:00,"35.189","2.722",0.24,0.02,28.06,1.73,15.8
"107","GOM23_S3_N7_18S_orig","GOM23","S3","N7","18S","orig","Sample",3,7,"150.128",28.438,88.805,"16.179","7/31/2023",00:47:00,"36.149","2.935",0.3,0.03,15.97,0.92,5.9
"108","GOM23_S3_N7_18S_S121","GOM23","S3","N7","18S","S121","Sample",3,7,"150.128",28.438,88.805,"16.179","7/31/2023",00:47:00,"36.149","2.935",0.3,0.03,15.97,0.92,5.9
"109","GOM23_S3_N8_18S_orig","GOM23","S3","N8","18S","orig","Sample",3,8,"64.991",28.438,88.805,"21.968","7/31/2023",00:47:00,"36.666","4.045",0.32,0.28,2.3,0.33,1.7
"110","GOM23_S3_N8_18S_S129","GOM23","S3","N8","18S","S129","Sample",3,8,"64.991",28.438,88.805,"21.968","7/31/2023",00:47:00,"36.666","4.045",0.32,0.28,2.3,0.33,1.7
"111","GOM23_S3_N9_18S_orig","GOM23","S3","N9","18S","orig","Sample",3,9,"29.003",28.438,88.805,"28.267","7/31/2023",00:47:00,"35.242","2.689",0.36,0,0.04,0,0.9
"112","GOM23_S3_N9_18S_S137","GOM23","S3","N9","18S","S137","Sample",3,9,"29.003",28.438,88.805,"28.267","7/31/2023",00:47:00,"35.242","2.689",0.36,0,0.04,0,0.9
"113","GOM23_S4_N1_18S_orig","GOM23","S4","N1","18S","orig","Sample",4,1,"1723.698",28.235,88.483,"4.255","7/31/2023",04:28:00,"34.970","5.054",1.27,0.02,16.88,1.13,19.3
"114","GOM23_S4_N1_18S_S152","GOM23","S4","N1","18S","S152","Sample",4,1,"1723.698",28.235,88.483,"4.255","7/31/2023",04:28:00,"34.970","5.054",1.27,0.02,16.88,1.13,19.3
"115","GOM23_S4_N10_18S_orig","GOM23","S4","N10","18S","orig","Sample",4,10,"25.322",28.235,88.483,"29.902","7/31/2023",04:28:00,"36.274","2.285",0.43,0,0,0,1
"116","GOM23_S4_N10_18S_S114","GOM23","S4","N10","18S","S114","Sample",4,10,"25.322",28.235,88.483,"29.902","7/31/2023",04:28:00,"36.274","2.285",0.43,0,0,0,1
"117","GOM23_S4_N11_18S_orig","GOM23","S4","N11","18S","orig","Sample",4,11,"2.231",28.235,88.483,"31.252","7/31/2023",04:28:00,"33.256","3.611",0.25,0,0,0,1.8
"118","GOM23_S4_N11_18S_S122","GOM23","S4","N11","18S","S122","Sample",4,11,"2.231",28.235,88.483,"31.252","7/31/2023",04:28:00,"33.256","3.611",0.25,0,0,0,1.8
"119","GOM23_S4_N2_18S_orig","GOM23","S4","N2","18S","orig","Sample",4,2,"1723.756",28.235,88.483,"4.255","7/31/2023",04:28:00,"34.970","5.054",0.795,0.01,22.645,1.495,25.95
"120","GOM23_S4_N2_18S_S160","GOM23","S4","N2","18S","S160","Sample",4,2,"1723.756",28.235,88.483,"4.255","7/31/2023",04:28:00,"34.970","5.054",0.795,0.01,22.645,1.495,25.95
"121","GOM23_S4_N3_18S_orig","GOM23","S4","N3","18S","orig","Sample",4,3,"1499.746",28.235,88.483,"4.302","7/31/2023",04:28:00,"34.967","5.005",1.39,0.02,25.45,1.61,18.1
"122","GOM23_S4_N3_18S_S167","GOM23","S4","N3","18S","S167","Sample",4,3,"1499.746",28.235,88.483,"4.302","7/31/2023",04:28:00,"34.967","5.005",1.39,0.02,25.45,1.61,18.1
"123","GOM23_S4_N4_18S_orig","GOM23","S4","N4","18S","orig","Sample",4,4,"1249.619",28.235,88.483,"4.435","7/31/2023",04:28:00,"34.960","4.832",0.87,0,21.52,1.41,23.4
"124","GOM23_S4_N4_18S_S175","GOM23","S4","N4","18S","S175","Sample",4,4,"1249.619",28.235,88.483,"4.435","7/31/2023",04:28:00,"34.960","4.832",0.87,0,21.52,1.41,23.4
"125","GOM23_S4_N5_18S_orig","GOM23","S4","N5","18S","orig","Sample",4,5,"999.159",28.235,88.483,"4.889","7/31/2023",04:28:00,"34.941","4.374",1.06,0,25.97,1.63,26.3
"126","GOM23_S4_N5_18S_S183","GOM23","S4","N5","18S","S183","Sample",4,5,"999.159",28.235,88.483,"4.889","7/31/2023",04:28:00,"34.941","4.374",1.06,0,25.97,1.63,26.3
"127","GOM23_S4_N6_18S_orig","GOM23","S4","N6","18S","orig","Sample",4,6,"749.590",28.235,88.483,"5.911","7/31/2023",04:28:00,"34.910","3.631",1.25,0,29,1.79,25
"128","GOM23_S4_N6_18S_S98","GOM23","S4","N6","18S","S98","Sample",4,6,"749.590",28.235,88.483,"5.911","7/31/2023",04:28:00,"34.910","3.631",1.25,0,29,1.79,25
"129","GOM23_S4_N9_18S_orig","GOM23","S4","N9","18S","orig","Sample",4,9,"70.191",28.235,88.483,"22.197","7/31/2023",04:28:00,"36.736","4.140",0.97,0.19,1.49,0.11,1.4
"130","GOM23_S4_N9_18S_S106","GOM23","S4","N9","18S","S106","Sample",4,9,"70.191",28.235,88.483,"22.197","7/31/2023",04:28:00,"36.736","4.140",0.97,0.19,1.49,0.11,1.4
"131","GOM23_S5_N1_18S_orig","GOM23","S5","N1","18S","orig","Sample",5,1,"2386.695",27.987,88.136,"4.301","7/31/2023",09:00:00,"34.972","5.033",0.46,0.02,22.62,1.5,26.2
"132","GOM23_S5_N1_18S_S130","GOM23","S5","N1","18S","S130","Sample",5,1,"2386.695",27.987,88.136,"4.301","7/31/2023",09:00:00,"34.972","5.033",0.46,0.02,22.62,1.5,26.2
"133","GOM23_S5_N10_18S_orig","GOM23","S5","N10","18S","orig","Sample",5,10,"60.340",27.987,88.136,"23.864","7/31/2023",09:00:00,"36.300","4.739",0.29,0.02,0,0,2.2
"134","GOM23_S5_N10_18S_S176","GOM23","S5","N10","18S","S176","Sample",5,10,"60.340",27.987,88.136,"23.864","7/31/2023",09:00:00,"36.300","4.739",0.29,0.02,0,0,2.2
"135","GOM23_S5_N11_18S_orig","GOM23","S5","N11","18S","orig","Sample",5,11,"20.618",27.987,88.136,"31.108","7/31/2023",09:00:00,"35.960","3.618",0.32,0,0,0,1.1
"136","GOM23_S5_N11_18S_S184","GOM23","S5","N11","18S","S184","Sample",5,11,"20.618",27.987,88.136,"31.108","7/31/2023",09:00:00,"35.960","3.618",0.32,0,0,0,1.1
"137","GOM23_S5_N12_18S_orig","GOM23","S5","N12","18S","orig","Sample",5,12,"2.376",27.987,88.136,"31.347","7/31/2023",09:00:00,"33.395","3.547",0.36,0,0.03,0.02,2.5
"138","GOM23_S5_N12_18S_S99","GOM23","S5","N12","18S","S99","Sample",5,12,"2.376",27.987,88.136,"31.347","7/31/2023",09:00:00,"33.395","3.547",0.36,0,0.03,0.02,2.5
"139","GOM23_S5_N2_18S_orig","GOM23","S5","N2","18S","orig","Sample",5,2,"2197.881",27.987,88.136,"4.294","7/31/2023",09:00:00,"34.971","5.053",0.55,0.02,22.1,1.5,24.7
"140","GOM23_S5_N3_18S_orig","GOM23","S5","N3","18S","orig","Sample",5,3,"1795.818",27.987,88.136,"4.286","7/31/2023",09:00:00,"34.969","5.026",0.51,0,25.13,1.61,18.3
"141","GOM23_S5_N3_18S_S145","GOM23","S5","N3","18S","S145","Sample",5,3,"1795.818",27.987,88.136,"4.286","7/31/2023",09:00:00,"34.969","5.026",0.51,0,25.13,1.61,18.3
"142","GOM23_S5_N4_18S_orig","GOM23","S5","N4","18S","orig","Sample",5,4,"1497.906",27.987,88.136,"4.327","7/31/2023",09:00:00,"34.966","4.948",0.33,0,23.4,1.54,25.7
"143","GOM23_S5_N4_18S_S153","GOM23","S5","N4","18S","S153","Sample",5,4,"1497.906",27.987,88.136,"4.327","7/31/2023",09:00:00,"34.966","4.948",0.33,0,23.4,1.54,25.7
"144","GOM23_S5_N5_18S_orig","GOM23","S5","N5","18S","orig","Sample",5,5,"1250.302",27.987,88.136,"4.472","7/31/2023",09:00:00,"34.958","4.763",0.5,0,23.83,1.58,25.6
"145","GOM23_S5_N5_18S_S161","GOM23","S5","N5","18S","S161","Sample",5,5,"1250.302",27.987,88.136,"4.472","7/31/2023",09:00:00,"34.958","4.763",0.5,0,23.83,1.58,25.6
"146","GOM23_S5_N6_18S_orig","GOM23","S5","N6","18S","orig","Sample",5,6,"998.988",27.987,88.136,"4.999","7/31/2023",09:00:00,"34.937","4.258",0.35,0,26.34,1.74,26.1
"147","GOM23_S5_N6_18S_S168","GOM23","S5","N6","18S","S168","Sample",5,6,"998.988",27.987,88.136,"4.999","7/31/2023",09:00:00,"34.937","4.258",0.35,0,26.34,1.74,26.1
"148","GOM23_S7_N10_18S_orig","GOM23","S7","N10","18S","orig","Sample",7,10,"59.472",28.431,88.325,"23.046","7/31/2023",17:06:00,"36.376","4.558",0.36,0.17,0.5,0.33,2.2
"149","GOM23_S7_N10_18S_S162","GOM23","S7","N10","18S","S162","Sample",7,10,"59.472",28.431,88.325,"23.046","7/31/2023",17:06:00,"36.376","4.558",0.36,0.17,0.5,0.33,2.2
"150","GOM23_S7_N11_18S_orig","GOM23","S7","N11","18S","orig","Sample",7,11,"9.882",28.431,88.325,"30.326","7/31/2023",17:06:00,"32.990","3.078",0.22,0,0,0.15,2
"151","GOM23_S7_N11_18S_S169","GOM23","S7","N11","18S","S169","Sample",7,11,"9.882",28.431,88.325,"30.326","7/31/2023",17:06:00,"32.990","3.078",0.22,0,0,0.15,2
"152","GOM23_S7_N12_18S_orig","GOM23","S7","N12","18S","orig","Sample",7,12,"2.746",28.431,88.325,"30.175","7/31/2023",17:06:00,"33.517","3.412",0.41,0,0.06,0.12,1.6
"153","GOM23_S7_N12_18S_S177","GOM23","S7","N12","18S","S177","Sample",7,12,"2.746",28.431,88.325,"30.175","7/31/2023",17:06:00,"33.517","3.412",0.41,0,0.06,0.12,1.6
"154","GOM23_S7_N2_18S_orig","GOM23","S7","N2","18S","orig","Sample",7,2,"1648.465",28.431,88.325,"4.278","7/31/2023",17:06:00,"34.969","5.040",0.28,0.01,22.93,1.615,25.6
"155","GOM23_S7_N2_18S_S107","GOM23","S7","N2","18S","S107","Sample",7,2,"1648.465",28.431,88.325,"4.278","7/31/2023",17:06:00,"34.969","5.040",0.28,0.01,22.93,1.615,25.6
"156","GOM23_S7_N3_18S_orig","GOM23","S7","N3","18S","orig","Sample",7,3,"1398.628",28.431,88.325,"4.337","7/31/2023",17:06:00,"34.965","4.945",0.5,0.02,21.41,1.96,23.7
"157","GOM23_S7_N3_18S_S115","GOM23","S7","N3","18S","S115","Sample",7,3,"1398.628",28.431,88.325,"4.337","7/31/2023",17:06:00,"34.965","4.945",0.5,0.02,21.41,1.96,23.7
"158","GOM23_S7_N4_18S_orig","GOM23","S7","N4","18S","orig","Sample",7,4,"1148.026",28.431,88.325,"4.639","7/31/2023",17:06:00,"34.951","4.601",0.07,0.02,22.16,1.59,23.4
"159","GOM23_S7_N4_18S_S123","GOM23","S7","N4","18S","S123","Sample",7,4,"1148.026",28.431,88.325,"4.639","7/31/2023",17:06:00,"34.951","4.601",0.07,0.02,22.16,1.59,23.4
"160","GOM23_S7_N5_18S_orig","GOM23","S7","N5","18S","orig","Sample",7,5,"898.857",28.431,88.325,"5.455","7/31/2023",17:06:00,"34.922","3.912",0.12,0.02,26.13,1.92,24.3
"161","GOM23_S7_N5_18S_S131","GOM23","S7","N5","18S","S131","Sample",7,5,"898.857",28.431,88.325,"5.455","7/31/2023",17:06:00,"34.922","3.912",0.12,0.02,26.13,1.92,24.3
"162","GOM23_S7_N6_18S_orig","GOM23","S7","N6","18S","orig","Sample",7,6,"648.659",28.431,88.325,"6.695","7/31/2023",17:06:00,"34.909","3.234",0.07,0.2,30.21,1.99,23.4
"163","GOM23_S7_N6_18S_S138","GOM23","S7","N6","18S","S138","Sample",7,6,"648.659",28.431,88.325,"6.695","7/31/2023",17:06:00,"34.909","3.234",0.07,0.2,30.21,1.99,23.4
"164","GOM23_S7_N7_18S_orig","GOM23","S7","N7","18S","orig","Sample",7,7,"399.476",28.431,88.325,"9.970","7/31/2023",17:06:00,"35.206","2.728",0.19,0.02,24.58,1.68,13.5
"165","GOM23_S7_N7_18S_S146","GOM23","S7","N7","18S","S146","Sample",7,7,"399.476",28.431,88.325,"9.970","7/31/2023",17:06:00,"35.206","2.728",0.19,0.02,24.58,1.68,13.5
"166","GOM23_S7_N9_18S_orig","GOM23","S7","N9","18S","orig","Sample",7,9,"98.397",28.431,88.325,"20.199","7/31/2023",17:06:00,"36.603","3.252",0.06,0.03,9.05,0.45,3.2
"167","GOM23_S7_N9_18S_S154","GOM23","S7","N9","18S","S154","Sample",7,9,"98.397",28.431,88.325,"20.199","7/31/2023",17:06:00,"36.603","3.252",0.06,0.03,9.05,0.45,3.2
"168","GOM23_S8_N1_18S_orig","GOM23","S8","N1","18S","orig","Sample",8,1,"924.761",28.704,88.629,"5.101","7/31/2023",22:02:00,"34.932","4.194",0.12,0.04,26.96,1.87,26.3
"169","GOM23_S8_N1_18S_S185","GOM23","S8","N1","18S","S185","Sample",8,1,"924.761",28.704,88.629,"5.101","7/31/2023",22:02:00,"34.932","4.194",0.12,0.04,26.96,1.87,26.3
"170","GOM23_S8_N10_18S_orig","GOM23","S8","N10","18S","orig","Sample",8,10,"15.176",28.704,88.629,"25.307","7/31/2023",22:02:00,"36.537","2.790",0.44,0,0.02,0.11,1
"171","GOM23_S8_N10_18S_S147","GOM23","S8","N10","18S","S147","Sample",8,10,"15.176",28.704,88.629,"25.307","7/31/2023",22:02:00,"36.537","2.790",0.44,0,0.02,0.11,1
"172","GOM23_S8_N11_18S_orig","GOM23","S8","N11","18S","orig","Sample",8,11,"2.641",28.704,88.629,"30.066","7/31/2023",22:02:00,"36.068","3.370",0.43,0,0.05,0.11,0.8
"173","GOM23_S8_N11_18S_S155","GOM23","S8","N11","18S","S155","Sample",8,11,"2.641",28.704,88.629,"30.066","7/31/2023",22:02:00,"36.068","3.370",0.43,0,0.05,0.11,0.8
"174","GOM23_S8_N3_18S_orig","GOM23","S8","N3","18S","orig","Sample",8,3,"800.289",28.704,88.629,"5.769","7/31/2023",22:02:00,"34.912","3.708",0.52,0,21.61,1.6,15.5
"175","GOM23_S8_N3_18S_S100","GOM23","S8","N3","18S","S100","Sample",8,3,"800.289",28.704,88.629,"5.769","7/31/2023",22:02:00,"34.912","3.708",0.52,0,21.61,1.6,15.5
"176","GOM23_S8_N4_18S_orig","GOM23","S8","N4","18S","orig","Sample",8,4,"648.188",28.704,88.629,"6.714","7/31/2023",22:02:00,"34.906","3.240",0.25,0,30.035,2.025,23.2
"177","GOM23_S8_N4_18S_S108","GOM23","S8","N4","18S","S108","Sample",8,4,"648.188",28.704,88.629,"6.714","7/31/2023",22:02:00,"34.906","3.240",0.25,0,30.035,2.025,23.2
"178","GOM23_S8_N5_18S_orig","GOM23","S8","N5","18S","orig","Sample",8,5,"498.597",28.704,88.629,"8.358","7/31/2023",22:02:00,"35.011","2.917",0.08,0,29.55,1.87,18.9
"179","GOM23_S8_N5_18S_S116","GOM23","S8","N5","18S","S116","Sample",8,5,"498.597",28.704,88.629,"8.358","7/31/2023",22:02:00,"35.011","2.917",0.08,0,29.55,1.87,18.9
"180","GOM23_S8_N7_18S_orig","GOM23","S8","N7","18S","orig","Sample",8,7,"109.038",28.704,88.629,"18.459","7/31/2023",22:02:00,"36.458","2.965",0.1,0.03,12.08,0.68,3.9
"181","GOM23_S8_N7_18S_S124","GOM23","S8","N7","18S","S124","Sample",8,7,"109.038",28.704,88.629,"18.459","7/31/2023",22:02:00,"36.458","2.965",0.1,0.03,12.08,0.68,3.9
"182","GOM23_S8_N8_18S_orig","GOM23","S8","N8","18S","orig","Sample",8,8,"76.433",28.704,88.629,"21.266","7/31/2023",22:02:00,"36.662","3.464",0.49,0.16,5.3,0.38,2.1
"183","GOM23_S8_N8_18S_S132","GOM23","S8","N8","18S","S132","Sample",8,8,"76.433",28.704,88.629,"21.266","7/31/2023",22:02:00,"36.662","3.464",0.49,0.16,5.3,0.38,2.1
"184","GOM23_S8_N9_18S_orig","GOM23","S8","N9","18S","orig","Sample",8,9,"45.819",28.704,88.629,"24.669","7/31/2023",22:02:00,"36.269","3.314",0.23,0,0,0.05,0.9
"185","GOM23_S8_N9_18S_S139","GOM23","S8","N9","18S","S139","Sample",8,9,"45.819",28.704,88.629,"24.669","7/31/2023",22:02:00,"36.269","3.314",0.23,0,0,0.05,0.9
"186","GOM23_S9_N5_18S_orig","GOM23","S9","N5","18S","orig","Sample",9,5,"65.347",28.965,88.887,"21.968","8/1/2023",00:59:00,"36.723","4.026",0.48,0.19,2.1,0.17,1.5
"187","GOM23_S9_N5_18S_S170","GOM23","S9","N5","18S","S170","Sample",9,5,"65.347",28.965,88.887,"21.968","8/1/2023",00:59:00,"36.723","4.026",0.48,0.19,2.1,0.17,1.5
"188","GOM23_S9_N9_18S_orig","GOM23","S9","N9","18S","orig","Sample",9,9,"2.195",28.965,88.887,"31.282","8/1/2023",00:59:00,"30.687","2.835",0.33,0,0.04,0.03,1.1
"189","GOM23_S9_N9_18S_S178","GOM23","S9","N9","18S","S178","Sample",9,9,"2.195",28.965,88.887,"31.282","8/1/2023",00:59:00,"30.687","2.835",0.33,0,0.04,0.03,1.1
